provider,time,lat,lon,depth_km,mag,dM,dist3d_km,dist_h_km,dz_km,score
USGS,2020-10-25T21:32:42.030000Z,-23.2412,-68.5372,118.0,4.6,2.2,5.5,1.0,-5.4,8.5
USGS,2020-06-07T21:26:32.016000Z,-23.2501,-68.5144,120.2,4.0,2.8,3.6,1.6,-3.2,15.6
GFZ,2020-06-16T17:54:41.000000Z,-23.307,-68.578,107.7,4.89,1.91,17.7,8.3,-15.7,19.1
GFZ,2022-10-10T22:51:12.940000Z,-23.416,-68.513,124.6,4.7,2.1,18.8,18.8,1.2,20.3
USGS,2020-07-20T13:36:12.737000Z,-23.3257,-68.5687,113.9,4.2,2.6,13.5,9.6,-9.5,22.5
USGS,2022-06-03T14:57:10.105000Z,-23.1877,-68.3847,111.6,4.6,2.2,20.1,16.3,-11.8,23.1
USGS,2020-10-26T06:03:26.230000Z,-23.3654,-68.5115,110.9,4.4,2.4,18.2,13.2,-12.5,24.2
USGS,2021-01-07T00:09:05.772000Z,-23.3582,-68.5155,109.1,4.2,2.6,18.9,12.4,-14.3,27.9
USGS,2021-07-22T19:23:35.787000Z,-23.4181,-68.5313,109.6,4.4,2.4,23.4,18.9,-13.8,29.4
USGS,2021-04-29T16:00:40.487000Z,-23.2035,-68.7386,99.7,4.7,2.1,32.3,21.9,-23.7,33.8
GFZ,2022-06-03T14:54:34.890000Z,-23.237,-68.349,102.1,5.22,1.58,28.2,18.6,-21.3,34.5
USGS,2023-02-23T18:38:08.514000Z,-23.2017,-68.661,103.7,4.1,2.7,24.4,14.3,-19.7,34.9
USGS,2020-06-17T06:40:11.335000Z,-23.3495,-68.4931,98.5,4.2,2.6,27.6,12.0,-24.9,36.6
USGS,2020-09-04T02:02:16.630000Z,-23.4983,-68.6007,107.2,4.3,2.5,33.0,28.8,-16.2,40.5
GFZ,2022-12-31T03:31:44.180000Z,-23.072,-68.739,99.9,5.03,1.77,37.2,28.9,-23.5,40.7
USGS,2022-04-29T10:40:30.299000Z,-23.0153,-68.4,119.9,4.0,2.8,29.1,28.9,-3.5,41.1
USGS,2021-01-01T19:33:30.299000Z,-23.501,-68.7724,111.6,4.5,2.3,39.3,37.5,-11.8,43.8
GFZ,2023-03-18T20:30:08.650000Z,-23.043,-68.823,100.4,4.89,1.91,44.0,37.6,-23.0,45.4
GFZ,2023-01-05T14:14:29.610000Z,-22.856,-68.535,126.0,4.65,2.15,43.4,43.3,2.6,45.6
USGS,2022-10-22T20:52:59.931000Z,-23.0249,-68.8342,120.7,4.3,2.5,39.8,39.7,-2.7,47.3
USGS,2023-01-01T12:18:59.423000Z,-23.0742,-68.9221,106.7,4.8,2.0,47.5,44.5,-16.7,47.5
GFZ,2023-03-25T07:30:14.600000Z,-22.928,-68.815,121.7,4.52,2.28,45.9,45.8,-1.7,50.1
USGS,2022-02-02T02:15:12.522000Z,-23.4979,-68.2119,131.2,4.2,2.6,43.5,42.8,7.8,52.5
USGS,2022-06-17T18:09:20.380000Z,-23.5436,-68.7323,99.9,4.3,2.5,45.4,38.8,-23.5,52.9
USGS,2020-12-14T20:08:02.154000Z,-23.0863,-68.1489,129.6,4.1,2.7,43.3,42.9,6.2,53.8
USGS,2023-01-04T15:29:37.261000Z,-23.0579,-68.9523,106.6,4.5,2.3,50.9,48.1,-16.8,55.4
USGS,2020-07-05T01:59:37.522000Z,-22.9693,-68.1547,130.4,4.3,2.5,49.7,49.2,7.0,57.2
USGS,2021-01-02T08:40:21.557000Z,-23.4957,-68.8815,96.1,4.5,2.3,52.9,45.3,-27.3,57.4
USGS,2022-02-27T19:45:36.935000Z,-23.3828,-68.8708,93.1,4.2,2.6,48.6,38.0,-30.3,57.6
GFZ,2022-12-11T01:32:08.560000Z,-23.476,-68.366,159.4,4.1,2.7,47.1,30.4,36.0,57.6
USGS,2021-05-04T17:52:56.859000Z,-22.8521,-68.7582,108.9,4.4,2.4,51.7,49.6,-14.5,57.7
GFZ,2022-09-06T13:14:38.130000Z,-23.068,-68.878,87.9,5.05,1.75,54.1,40.8,-35.5,57.8
GFZ,2022-12-01T13:59:23.300000Z,-22.913,-68.779,102.0,4.25,2.55,49.8,44.9,-21.4,58.0
USGS,2022-07-16T02:55:02.341000Z,-22.9593,-68.8355,106.5,4.1,2.7,47.7,44.7,-16.9,58.2
USGS,2021-10-30T07:03:09.321000Z,-23.7011,-68.6612,113.0,4.2,2.6,53.1,52.0,-10.4,62.1
USGS,2023-04-21T11:53:07.530000Z,-22.7875,-68.713,123.2,4.1,2.7,54.2,54.2,-0.2,64.7
USGS,2020-12-20T23:36:04.483000Z,-22.7065,-68.7053,106.1,4.9,1.9,64.9,62.5,-17.3,66.4
USGS,2022-08-09T21:37:53.879000Z,-23.6625,-68.2656,116.8,3.9,2.9,53.8,53.4,-6.6,67.3
USGS,2022-06-02T04:45:05.260000Z,-23.6609,-68.8604,99.8,4.3,2.5,61.6,56.9,-23.6,69.1
USGS,2022-08-09T05:54:29.823000Z,-22.7742,-68.2751,141.7,4.1,2.7,61.3,58.5,18.3,71.8
USGS,2021-01-02T03:30:13.850000Z,-22.753,-68.7593,113.0,4.0,2.8,60.4,59.5,-10.4,72.4
USGS,2022-09-21T02:34:11.608000Z,-23.6233,-68.987,105.7,4.3,2.5,65.0,62.6,-17.7,72.5
USGS,2021-02-27T08:19:38.030000Z,-23.0833,-67.9032,134.4,4.3,2.5,67.6,66.7,11.0,75.1
USGS,2022-09-06T04:46:03.597000Z,-22.7542,-68.8956,107.4,4.2,2.6,68.1,66.2,-16.0,77.1
USGS,2023-02-20T14:13:12.396000Z,-23.4196,-69.1094,99.4,4.1,2.7,66.7,62.3,-24.0,77.2
USGS,2020-09-23T03:59:50.319000Z,-22.6633,-68.4387,113.7,4.0,2.8,66.0,65.3,-9.7,78.0
USGS,2023-03-22T15:38:37.068000Z,-22.7534,-68.9833,110.6,4.4,2.4,72.9,71.7,-12.8,78.9
USGS,2022-06-27T04:49:03.287000Z,-22.6888,-68.8378,106.5,4.3,2.5,71.4,69.4,-16.9,78.9
USGS,2021-11-22T13:37:11.522000Z,-23.2103,-69.119,87.0,4.2,2.6,70.5,60.4,-36.4,79.5
USGS,2020-06-22T11:44:02.111000Z,-22.679,-68.2103,126.6,4.2,2.6,71.0,70.9,3.2,80.0
USGS,2021-07-24T02:29:06.693000Z,-22.6274,-68.3943,114.7,4.0,2.8,70.6,70.0,-8.7,82.6
USGS,2021-08-25T06:15:25.593000Z,-23.8005,-68.0997,124.5,4.3,2.5,75.4,75.4,1.1,82.9
GFZ,2020-10-13T00:30:02.560000Z,-22.992,-69.171,82.1,4.77,2.03,82.5,71.5,-41.3,83.0
USGS,2022-09-30T07:35:33.692000Z,-22.6027,-68.5344,123.8,4.0,2.8,71.4,71.4,0.4,83.4
GFZ,2021-03-26T08:06:15.580000Z,-23.292,-69.269,97.4,4.47,2.33,80.1,75.8,-26.0,85.1
USGS,2022-01-18T10:18:30.005000Z,-22.8222,-69.0653,109.4,4.0,2.8,73.6,72.3,-14.0,85.6
